file,class,type,cbo,cboModified,fanin,fanout,wmc,dit,noc,rfc,lcom,lcom*,tcc,lcc,totalMethodsQty,staticMethodsQty,publicMethodsQty,privateMethodsQty,protectedMethodsQty,defaultMethodsQty,visibleMethodsQty,abstractMethodsQty,finalMethodsQty,synchronizedMethodsQty,totalFieldsQty,staticFieldsQty,publicFieldsQty,privateFieldsQty,protectedFieldsQty,defaultFieldsQty,finalFieldsQty,synchronizedFieldsQty,nosi,loc,returnQty,loopQty,comparisonsQty,tryCatchQty,parenthesizedExpsQty,stringLiteralsQty,numbersQty,assignmentsQty,mathOperationsQty,variablesQty,maxNestedBlocksQty,anonymousClassesQty,innerClassesQty,lambdasQty,uniqueWordsQty,modifiers,logStatementsQty
/Users/jantoniorv/jantromv/DCICodeXperiments/./Code/Java/Abacus/v1/Rare/ConversionBinario.java,Code.Java.Abacus.v1.Rare.ConversionBinario,class,0,0,0,0,1,1,0,2,0,0.0,NaN,NaN,1,1,1,0,0,0,1,0,0,0,0,0,0,0,0,0,0,0,1,7,0,0,0,0,0,1,1,2,1,2,0,0,0,0,7,1,0
/Users/jantoniorv/jantromv/DCICodeXperiments/./Code/Java/Abacus/v1/Rare/Fuerza.java,Code.Java.Abacus.v1.Rare.Fuerza,class,0,0,0,0,1,1,0,1,0,0.0,NaN,NaN,1,1,1,0,0,0,1,0,0,0,0,0,0,0,0,0,0,0,0,8,0,0,0,0,0,2,2,3,2,3,0,0,0,0,6,1,0
/Users/jantoniorv/jantromv/DCICodeXperiments/./Code/Java/Abacus/v1/Rare/VolumenCubo.java,Code.Java.Abacus.v1.Rare.VolumenCubo,class,0,0,0,0,1,1,0,2,0,0.0,NaN,NaN,1,1,1,0,0,0,1,0,0,0,0,0,0,0,0,0,0,0,1,7,0,0,0,0,0,1,2,2,1,2,0,0,0,0,8,1,0
/Users/jantoniorv/jantromv/DCICodeXperiments/./Code/Java/Abacus/v1/Rare/CalculoPropina.java,Code.Java.Abacus.v1.Rare.CalculoPropina,class,0,0,0,0,1,1,0,1,0,0.0,NaN,NaN,1,1,1,0,0,0,1,0,0,0,0,0,0,0,0,0,0,0,0,9,0,0,0,0,0,1,3,4,4,4,0,0,0,0,9,1,0
/Users/jantoniorv/jantromv/DCICodeXperiments/./Code/Java/Abacus/v1/Rare/VelocidadFinal.java,Code.Java.Abacus.v1.Rare.VelocidadFinal,class,0,0,0,0,1,1,0,1,0,0.0,NaN,NaN,1,1,1,0,0,0,1,0,0,0,0,0,0,0,0,0,0,0,0,9,0,0,0,0,0,2,3,4,3,4,0,0,0,0,9,1,0
/Users/jantoniorv/jantromv/DCICodeXperiments/./Code/Java/Abacus/v1/Rare/NumeroMenor.java,Code.Java.Abacus.v1.Rare.NumeroMenor,class,0,0,0,0,3,1,0,1,0,0.0,NaN,NaN,1,1,1,0,0,0,1,0,0,0,0,0,0,0,0,0,0,0,0,9,0,0,0,0,0,1,3,6,1,4,1,0,0,0,8,1,0
/Users/jantoniorv/jantromv/DCICodeXperiments/./Code/Java/Abacus/v1/Rare/Mediana.java,Code.Java.Abacus.v1.Rare.Mediana,class,1,1,0,1,2,1,0,2,0,0.0,NaN,NaN,1,1,1,0,0,0,1,0,0,0,0,0,0,0,0,0,0,0,1,14,0,0,1,0,1,1,14,3,8,2,1,0,0,0,5,1,0
/Users/jantoniorv/jantromv/DCICodeXperiments/./Code/Java/Abacus/v1/Rare/TablasMultiplicar.java,Code.Java.Abacus.v1.Rare.TablasMultiplicar,class,0,0,0,0,2,1,0,1,0,0.0,NaN,NaN,1,1,1,0,0,0,1,0,0,0,0,0,0,0,0,0,0,0,0,9,0,1,0,0,1,4,3,2,3,2,1,0,0,0,8,1,0
/Users/jantoniorv/jantromv/DCICodeXperiments/./Code/Java/Abacus/v1/Rare/TransponerMatriz.java,Code.Java.Abacus.v1.Rare.TransponerMatriz,class,1,1,0,1,5,1,0,3,0,0.0,NaN,NaN,1,1,1,0,0,0,1,0,0,0,0,0,0,0,0,0,0,0,0,18,0,4,0,0,0,2,16,7,1,6,2,0,0,0,8,1,0
/Users/jantoniorv/jantromv/DCICodeXperiments/./Code/Java/Abacus/v1/Rare/ConversionFahrenheitCelsius.java,Code.Java.Abacus.v1.Rare.ConversionFahrenheitCelsius,class,0,0,0,0,1,1,0,1,0,0.0,NaN,NaN,1,1,1,0,0,0,1,0,0,0,0,0,0,0,0,0,0,0,0,7,0,0,0,0,1,2,4,2,4,2,0,0,0,0,7,1,0
/Users/jantoniorv/jantromv/DCICodeXperiments/./Code/Java/Abacus/v1/Rare/Cuartiles.java,Code.Java.Abacus.v1.Rare.Cuartiles,class,1,1,0,1,1,1,0,2,0,0.0,NaN,NaN,1,1,1,0,0,0,1,0,0,0,0,0,0,0,0,0,0,0,1,12,0,0,0,0,0,3,14,4,7,4,0,0,0,0,7,1,0
/Users/jantoniorv/jantromv/DCICodeXperiments/./Code/Java/Abacus/v1/Rare/MCM.java,Code.Java.Abacus.v1.Rare.MCM,class,0,0,0,0,2,1,0,1,0,0.0,NaN,NaN,1,1,1,0,0,0,1,0,0,0,0,0,0,0,0,0,0,0,0,14,0,1,1,0,1,1,3,8,4,6,1,0,0,0,10,1,0
/Users/jantoniorv/jantromv/DCICodeXperiments/./Code/Java/Abacus/v1/Rare/AreaRectangulo.java,Code.Java.Abacus.v1.Rare.AreaRectangulo,class,0,0,0,0,1,1,0,1,0,0.0,NaN,NaN,1,1,1,0,0,0,1,0,0,0,0,0,0,0,0,0,0,0,0,8,0,0,0,0,0,1,2,3,2,3,0,0,0,0,8,1,0
/Users/jantoniorv/jantromv/DCICodeXperiments/./Code/Java/Abacus/v1/Rare/NumeroPrimo.java,Code.Java.Abacus.v1.Rare.NumeroPrimo,class,0,0,0,0,5,1,0,2,0,0.0,NaN,NaN,1,1,1,0,0,0,1,0,0,0,0,0,0,0,0,0,0,0,1,14,0,1,1,0,1,2,4,5,2,3,2,0,0,0,10,1,0
/Users/jantoniorv/jantromv/DCICodeXperiments/./Code/Java/Abacus/v1/Rare/SumaArray.java,Code.Java.Abacus.v1.Rare.SumaArray,class,1,1,0,1,2,1,0,1,0,0.0,NaN,NaN,1,1,1,0,0,0,1,0,0,0,0,0,0,0,0,0,0,0,0,10,0,1,0,0,0,1,6,3,1,2,1,0,0,0,8,1,0
/Users/jantoniorv/jantromv/DCICodeXperiments/./Code/Java/Abacus/v1/Rare/RestaNumeros.java,Code.Java.Abacus.v1.Rare.RestaNumeros,class,0,0,0,0,1,1,0,1,0,0.0,NaN,NaN,1,1,1,0,0,0,1,0,0,0,0,0,0,0,0,0,0,0,0,8,0,0,0,0,0,3,2,3,2,3,0,0,0,0,8,1,0
/Users/jantoniorv/jantromv/DCICodeXperiments/./Code/Java/Abacus/v1/Rare/CalculoVelocidad.java,Code.Java.Abacus.v1.Rare.CalculoVelocidad,class,0,0,0,0,1,1,0,1,0,0.0,NaN,NaN,1,1,1,0,0,0,1,0,0,0,0,0,0,0,0,0,0,0,0,8,0,0,0,0,0,2,2,3,2,3,0,0,0,0,8,1,0
/Users/jantoniorv/jantromv/DCICodeXperiments/./Code/Java/Abacus/v1/Rare/VolumenCono.java,Code.Java.Abacus.v1.Rare.VolumenCono,class,0,0,0,0,1,1,0,1,0,0.0,NaN,NaN,1,1,1,0,0,0,1,0,0,0,0,0,0,0,0,0,0,0,0,8,0,0,0,0,1,1,4,3,3,3,0,0,0,0,8,1,0
/Users/jantoniorv/jantromv/DCICodeXperiments/./Code/Java/Abacus/v1/Rare/NumeroPositivoNegativo.java,Code.Java.Abacus.v1.Rare.NumeroPositivoNegativo,class,0,0,0,0,3,1,0,1,0,0.0,NaN,NaN,1,1,1,0,0,0,1,0,0,0,0,0,0,0,0,0,0,0,0,14,0,0,0,0,0,3,3,1,2,1,1,0,0,0,7,1,0
/Users/jantoniorv/jantromv/DCICodeXperiments/./Code/Java/Abacus/v1/Rare/Moda.java,Code.Java.Abacus.v1.Rare.Moda,class,1,1,0,1,5,1,0,1,0,0.0,NaN,NaN,1,1,1,0,0,0,1,0,0,0,0,0,0,0,0,0,0,0,0,18,0,2,1,0,0,1,13,8,1,6,3,0,0,0,10,1,0
/Users/jantoniorv/jantromv/DCICodeXperiments/./Code/Java/Abacus/v1/Rare/CalculoIVA.java,Code.Java.Abacus.v1.Rare.CalculoIVA,class,0,0,0,0,1,1,0,1,0,0.0,NaN,NaN,1,1,1,0,0,0,1,0,0,0,0,0,0,0,0,0,0,0,0,8,0,0,0,0,1,1,3,3,3,3,0,0,0,0,10,1,0
/Users/jantoniorv/jantromv/DCICodeXperiments/./Code/Java/Abacus/v1/Rare/FuncionSeno.java,Code.Java.Abacus.v1.Rare.FuncionSeno,class,0,0,0,0,1,1,0,3,0,0.0,NaN,NaN,1,1,1,0,0,0,1,0,0,0,0,0,0,0,0,0,0,0,2,8,0,0,0,0,0,2,1,3,1,3,0,0,0,0,8,1,0
/Users/jantoniorv/jantromv/DCICodeXperiments/./Code/Java/Abacus/v1/Rare/CaidaLibre.java,Code.Java.Abacus.v1.Rare.CaidaLibre,class,0,0,0,0,1,1,0,1,0,0.0,NaN,NaN,1,1,1,0,0,0,1,0,0,0,0,0,0,0,0,0,0,0,0,8,0,0,0,0,0,2,3,3,2,3,0,0,0,0,7,1,0
/Users/jantoniorv/jantromv/DCICodeXperiments/./Code/Java/Abacus/v1/Rare/InteresSimple.java,Code.Java.Abacus.v1.Rare.InteresSimple,class,0,0,0,0,1,1,0,1,0,0.0,NaN,NaN,1,1,1,0,0,0,1,0,0,0,0,0,0,0,0,0,0,0,0,9,0,0,0,0,1,1,4,4,3,4,0,0,0,0,8,1,0
/Users/jantoniorv/jantromv/DCICodeXperiments/./Code/Java/Abacus/v1/Rare/NumeroPerfecto.java,Code.Java.Abacus.v1.Rare.NumeroPerfecto,class,0,0,0,0,4,1,0,1,0,0.0,NaN,NaN,1,1,1,0,0,0,1,0,0,0,0,0,0,0,0,0,0,0,0,10,0,1,2,0,1,2,4,4,2,3,2,0,0,0,9,1,0
/Users/jantoniorv/jantromv/DCICodeXperiments/./Code/Java/Abacus/v1/Rare/LeyOhm.java,Code.Java.Abacus.v1.Rare.LeyOhm,class,0,0,0,0,1,1,0,1,0,0.0,NaN,NaN,1,1,1,0,0,0,1,0,0,0,0,0,0,0,0,0,0,0,0,8,0,0,0,0,0,2,2,3,2,3,0,0,0,0,7,1,0
/Users/jantoniorv/jantromv/DCICodeXperiments/./Code/Java/Abacus/v1/Rare/NumeroArmstrong.java,Code.Java.Abacus.v1.Rare.NumeroArmstrong,class,0,0,0,0,3,1,0,1,0,0.0,NaN,NaN,1,1,1,0,0,0,1,0,0,0,0,0,0,0,0,0,0,0,0,13,0,1,2,0,1,2,5,6,3,4,1,0,0,0,10,1,0
/Users/jantoniorv/jantromv/DCICodeXperiments/./Code/Java/Abacus/v1/Rare/ConversionCelsiusFahrenheit.java,Code.Java.Abacus.v1.Rare.ConversionCelsiusFahrenheit,class,0,0,0,0,1,1,0,1,0,0.0,NaN,NaN,1,1,1,0,0,0,1,0,0,0,0,0,0,0,0,0,0,0,0,7,0,0,0,0,1,2,4,2,4,2,0,0,0,0,7,1,0
/Users/jantoniorv/jantromv/DCICodeXperiments/./Code/Java/Abacus/v1/Rare/MultiplicarArray.java,Code.Java.Abacus.v1.Rare.MultiplicarArray,class,1,1,0,1,2,1,0,1,0,0.0,NaN,NaN,1,1,1,0,0,0,1,0,0,0,0,0,0,0,0,0,0,0,0,10,0,1,0,0,1,2,6,2,2,2,1,0,0,0,7,1,0
/Users/jantoniorv/jantromv/DCICodeXperiments/./Code/Java/Abacus/v1/Rare/MCDEuclides.java,Code.Java.Abacus.v1.Rare.MCDEuclides,class,0,0,0,0,2,1,0,1,0,0.0,NaN,NaN,1,1,1,0,0,0,1,0,0,0,0,0,0,0,0,0,0,0,0,11,0,1,1,0,0,1,3,5,2,3,1,0,0,0,9,1,0
/Users/jantoniorv/jantromv/DCICodeXperiments/./Code/Java/Abacus/v1/Rare/NumeroPalindromo.java,Code.Java.Abacus.v1.Rare.NumeroPalindromo,class,0,0,0,0,3,1,0,1,0,0.0,NaN,NaN,1,1,1,0,0,0,1,0,0,0,0,0,0,0,0,0,0,0,0,12,0,1,2,0,1,2,6,5,4,3,1,0,0,0,9,1,0
/Users/jantoniorv/jantromv/DCICodeXperiments/./Code/Java/Abacus/v1/Rare/MediaGeometrica.java,Code.Java.Abacus.v1.Rare.MediaGeometrica,class,1,1,0,1,2,1,0,2,0,0.0,NaN,NaN,1,1,1,0,0,0,1,0,0,0,0,0,0,0,0,0,0,0,1,11,0,1,0,0,0,1,5,4,2,3,1,0,0,0,8,1,0
/Users/jantoniorv/jantromv/DCICodeXperiments/./Code/Java/Abacus/v1/Rare/SerieFibonacci.java,Code.Java.Abacus.v1.Rare.SerieFibonacci,class,0,0,0,0,2,1,0,1,0,0.0,NaN,NaN,1,1,1,0,0,0,1,0,0,0,0,0,0,0,0,0,0,0,0,13,0,1,0,0,0,3,4,7,3,5,1,0,0,0,9,1,0
/Users/jantoniorv/jantromv/DCICodeXperiments/./Code/Java/Abacus/v1/Rare/FactorialNumero.java,Code.Java.Abacus.v1.Rare.FactorialNumero,class,0,0,0,0,2,1,0,1,0,0.0,NaN,NaN,1,1,1,0,0,0,1,0,0,0,0,0,0,0,0,0,0,0,0,10,0,1,0,0,0,2,3,4,1,3,1,0,0,0,8,1,0
/Users/jantoniorv/jantromv/DCICodeXperiments/./Code/Java/Abacus/v1/Rare/NumeroAleatorio.java,Code.Java.Abacus.v1.Rare.NumeroAleatorio,class,0,0,0,0,1,1,0,2,0,0.0,NaN,NaN,1,1,1,0,0,0,1,0,0,0,0,0,0,0,0,0,0,0,1,7,0,0,0,0,2,3,3,3,5,3,0,0,0,0,9,1,0
/Users/jantoniorv/jantromv/DCICodeXperiments/./Code/Java/Abacus/v1/Rare/PerimetroRectangulo.java,Code.Java.Abacus.v1.Rare.PerimetroRectangulo,class,0,0,0,0,1,1,0,1,0,0.0,NaN,NaN,1,1,1,0,0,0,1,0,0,0,0,0,0,0,0,0,0,0,0,8,0,0,0,0,1,1,3,3,3,3,0,0,0,0,8,1,0
/Users/jantoniorv/jantromv/DCICodeXperiments/./Code/Java/Abacus/v1/Rare/EnergiaPotencial.java,Code.Java.Abacus.v1.Rare.EnergiaPotencial,class,0,0,0,0,1,1,0,1,0,0.0,NaN,NaN,1,1,1,0,0,0,1,0,0,0,0,0,0,0,0,0,0,0,0,9,0,0,0,0,0,2,3,4,2,4,0,0,0,0,8,1,0
/Users/jantoniorv/jantromv/DCICodeXperiments/./Code/Java/Abacus/v1/Rare/AreaEsfera.java,Code.Java.Abacus.v1.Rare.AreaEsfera,class,0,0,0,0,1,1,0,1,0,0.0,NaN,NaN,1,1,1,0,0,0,1,0,0,0,0,0,0,0,0,0,0,0,0,7,0,0,0,0,0,1,2,2,2,2,0,0,0,0,8,1,0
/Users/jantoniorv/jantromv/DCICodeXperiments/./Code/Java/Abacus/v1/Rare/ConversionKgLibras.java,Code.Java.Abacus.v1.Rare.ConversionKgLibras,class,0,0,0,0,1,1,0,1,0,0.0,NaN,NaN,1,1,1,0,0,0,1,0,0,0,0,0,0,0,0,0,0,0,0,7,0,0,0,0,0,2,2,2,2,2,0,0,0,0,8,1,0
/Users/jantoniorv/jantromv/DCICodeXperiments/./Code/Java/Abacus/v1/Rare/PerimetroCuadrado.java,Code.Java.Abacus.v1.Rare.PerimetroCuadrado,class,0,0,0,0,1,1,0,1,0,0.0,NaN,NaN,1,1,1,0,0,0,1,0,0,0,0,0,0,0,0,0,0,0,0,7,0,0,0,0,0,1,2,2,2,2,0,0,0,0,7,1,0
/Users/jantoniorv/jantromv/DCICodeXperiments/./Code/Java/Abacus/v1/Rare/DiagonalMatriz.java,Code.Java.Abacus.v1.Rare.DiagonalMatriz,class,1,1,0,1,2,1,0,1,0,0.0,NaN,NaN,1,1,1,0,0,0,1,0,0,0,0,0,0,0,0,0,0,0,0,9,0,1,0,0,0,2,11,2,1,2,1,0,0,0,6,1,0
/Users/jantoniorv/jantromv/DCICodeXperiments/./Code/Java/Abacus/v1/Rare/OrdenarArray.java,Code.Java.Abacus.v1.Rare.OrdenarArray,class,1,1,0,1,2,1,0,2,0,0.0,NaN,NaN,1,1,1,0,0,0,1,0,0,0,0,0,0,0,0,0,0,0,1,10,0,1,0,0,0,2,5,1,1,1,1,0,0,0,6,1,0
/Users/jantoniorv/jantromv/DCICodeXperiments/./Code/Java/Abacus/v1/Rare/SumaPrimeroN.java,Code.Java.Abacus.v1.Rare.SumaPrimeroN,class,0,0,0,0,2,1,0,1,0,0.0,NaN,NaN,1,1,1,0,0,0,1,0,0,0,0,0,0,0,0,0,0,0,0,10,0,1,0,0,0,2,3,4,1,3,1,0,0,0,11,1,0
/Users/jantoniorv/jantromv/DCICodeXperiments/./Code/Java/Abacus/v1/Rare/MediaPonderada.java,Code.Java.Abacus.v1.Rare.MediaPonderada,class,1,1,0,1,2,1,0,1,0,0.0,NaN,NaN,1,1,1,0,0,0,1,0,0,0,0,0,0,0,0,0,0,0,0,11,0,1,0,0,0,1,8,5,2,4,1,0,0,0,8,1,0
/Users/jantoniorv/jantromv/DCICodeXperiments/./Code/Java/Abacus/v1/Rare/SumaPares.java,Code.Java.Abacus.v1.Rare.SumaPares,class,0,0,0,0,2,1,0,1,0,0.0,NaN,NaN,1,1,1,0,0,0,1,0,0,0,0,0,0,0,0,0,0,0,0,10,0,1,0,0,0,2,4,5,1,3,1,0,0,0,10,1,0
/Users/jantoniorv/jantromv/DCICodeXperiments/./Code/Java/Abacus/v1/Rare/Presion.java,Code.Java.Abacus.v1.Rare.Presion,class,0,0,0,0,1,1,0,1,0,0.0,NaN,NaN,1,1,1,0,0,0,1,0,0,0,0,0,0,0,0,0,0,0,0,8,0,0,0,0,0,2,2,3,2,3,0,0,0,0,6,1,0
/Users/jantoniorv/jantromv/DCICodeXperiments/./Code/Java/Abacus/v1/Rare/PromedioNumeros.java,Code.Java.Abacus.v1.Rare.PromedioNumeros,class,1,1,0,1,2,1,0,1,0,0.0,NaN,NaN,1,1,1,0,0,0,1,0,0,0,0,0,0,0,0,0,0,0,0,11,0,1,0,0,0,1,6,4,2,3,1,0,0,0,8,1,0
/Users/jantoniorv/jantromv/DCICodeXperiments/./Code/Java/Abacus/v1/Rare/Porcentaje.java,Code.Java.Abacus.v1.Rare.Porcentaje,class,0,0,0,0,1,1,0,1,0,0.0,NaN,NaN,1,1,1,0,0,0,1,0,0,0,0,0,0,0,0,0,0,0,0,8,0,0,0,0,1,3,3,3,3,3,0,0,0,0,7,1,0
/Users/jantoniorv/jantromv/DCICodeXperiments/./Code/Java/Abacus/v1/Rare/InteresCompuesto.java,Code.Java.Abacus.v1.Rare.InteresCompuesto,class,0,0,0,0,1,1,0,2,0,0.0,NaN,NaN,1,1,1,0,0,0,1,0,0,0,0,0,0,0,0,0,0,0,1,9,0,0,0,0,0,1,4,4,3,4,0,0,0,0,8,1,0
/Users/jantoniorv/jantromv/DCICodeXperiments/./Code/Java/Abacus/v1/Rare/DivisionNumeros.java,Code.Java.Abacus.v1.Rare.DivisionNumeros,class,0,0,0,0,2,1,0,1,0,0.0,NaN,NaN,1,1,1,0,0,0,1,0,0,0,0,0,0,0,0,0,0,0,0,13,0,0,1,0,0,4,3,3,2,3,1,0,0,0,13,1,0
/Users/jantoniorv/jantromv/DCICodeXperiments/./Code/Java/Abacus/v1/Rare/NumeroParImpar.java,Code.Java.Abacus.v1.Rare.NumeroParImpar,class,0,0,0,0,2,1,0,1,0,0.0,NaN,NaN,1,1,1,0,0,0,1,0,0,0,0,0,0,0,0,0,0,0,0,11,0,0,1,0,0,2,3,1,3,1,1,0,0,0,7,1,0
/Users/jantoniorv/jantromv/DCICodeXperiments/./Code/Java/Abacus/v1/Rare/CalculoIMC.java,Code.Java.Abacus.v1.Rare.CalculoIMC,class,0,0,0,0,1,1,0,1,0,0.0,NaN,NaN,1,1,1,0,0,0,1,0,0,0,0,0,0,0,0,0,0,0,0,8,0,0,0,0,1,1,2,3,3,3,0,0,0,0,9,1,0
/Users/jantoniorv/jantromv/DCICodeXperiments/./Code/Java/Abacus/v1/Rare/InvertirArray.java,Code.Java.Abacus.v1.Rare.InvertirArray,class,1,1,0,1,2,1,0,1,0,0.0,NaN,NaN,1,1,1,0,0,0,1,0,0,0,0,0,0,0,0,0,0,0,0,9,0,1,0,0,0,2,7,2,2,2,1,0,0,0,6,1,0
/Users/jantoniorv/jantromv/DCICodeXperiments/./Code/Java/Abacus/v1/Rare/Percentil.java,Code.Java.Abacus.v1.Rare.Percentil,class,1,1,0,1,1,1,0,3,0,0.0,NaN,NaN,1,1,1,0,0,0,1,0,0,0,0,0,0,0,0,0,0,0,2,9,0,0,0,0,0,2,13,3,4,3,0,0,0,0,6,1,0
/Users/jantoniorv/jantromv/DCICodeXperiments/./Code/Java/Abacus/v1/Rare/ValorAbsoluto.java,Code.Java.Abacus.v1.Rare.ValorAbsoluto,class,0,0,0,0,1,1,0,2,0,0.0,NaN,NaN,1,1,1,0,0,0,1,0,0,0,0,0,0,0,0,0,0,0,1,7,0,0,0,0,0,2,1,2,1,2,0,0,0,0,8,1,0
/Users/jantoniorv/jantromv/DCICodeXperiments/./Code/Java/Abacus/v1/Rare/MediaArmonica.java,Code.Java.Abacus.v1.Rare.MediaArmonica,class,1,1,0,1,2,1,0,1,0,0.0,NaN,NaN,1,1,1,0,0,0,1,0,0,0,0,0,0,0,0,0,0,0,0,11,0,1,0,0,0,1,5,4,3,3,1,0,0,0,8,1,0
/Users/jantoniorv/jantromv/DCICodeXperiments/./Code/Java/Abacus/v1/Rare/PotenciaRaiz.java,Code.Java.Abacus.v1.Rare.PotenciaRaiz,class,0,0,0,0,1,1,0,3,0,0.0,NaN,NaN,1,1,1,0,0,0,1,0,0,0,0,0,0,0,0,0,0,0,2,10,0,0,0,0,0,3,3,4,2,4,0,0,0,0,13,1,0
/Users/jantoniorv/jantromv/DCICodeXperiments/./Code/Java/Abacus/v1/Rare/CalculoEdad.java,Code.Java.Abacus.v1.Rare.CalculoEdad,class,0,0,0,0,1,1,0,1,0,0.0,NaN,NaN,1,1,1,0,0,0,1,0,0,0,0,0,0,0,0,0,0,0,0,8,0,0,0,0,0,2,2,3,2,3,0,0,0,0,8,1,0
/Users/jantoniorv/jantromv/DCICodeXperiments/./Code/Java/Abacus/v1/Rare/CalculosCirculo.java,Code.Java.Abacus.v1.Rare.CalculosCirculo,class,0,0,0,0,1,1,0,1,0,0.0,NaN,NaN,1,1,1,0,0,0,1,0,0,0,0,0,0,0,0,0,0,0,0,10,0,0,0,0,0,2,3,4,4,4,0,0,0,0,9,1,0
/Users/jantoniorv/jantromv/DCICodeXperiments/./Code/Java/Abacus/v1/Rare/ConversionMetrosPies.java,Code.Java.Abacus.v1.Rare.ConversionMetrosPies,class,0,0,0,0,1,1,0,1,0,0.0,NaN,NaN,1,1,1,0,0,0,1,0,0,0,0,0,0,0,0,0,0,0,0,7,0,0,0,0,0,2,2,2,2,2,0,0,0,0,7,1,0
/Users/jantoniorv/jantromv/DCICodeXperiments/./Code/Java/Abacus/v1/Rare/AreaTriangulo.java,Code.Java.Abacus.v1.Rare.AreaTriangulo,class,0,0,0,0,1,1,0,1,0,0.0,NaN,NaN,1,1,1,0,0,0,1,0,0,0,0,0,0,0,0,0,0,0,0,8,0,0,0,0,1,1,3,3,3,3,0,0,0,0,8,1,0
/Users/jantoniorv/jantromv/DCICodeXperiments/./Code/Java/Abacus/v1/Rare/Varianza.java,Code.Java.Abacus.v1.Rare.Varianza,class,1,1,0,1,3,1,0,2,0,0.0,NaN,NaN,1,1,1,0,0,0,1,0,0,0,0,0,0,0,0,0,0,0,1,14,0,2,0,0,0,1,11,7,4,5,1,0,0,0,9,1,0
/Users/jantoniorv/jantromv/DCICodeXperiments/./Code/Java/Abacus/v1/Rare/SumaImpares.java,Code.Java.Abacus.v1.Rare.SumaImpares,class,0,0,0,0,2,1,0,1,0,0.0,NaN,NaN,1,1,1,0,0,0,1,0,0,0,0,0,0,0,0,0,0,0,0,10,0,1,0,0,0,2,4,5,1,3,1,0,0,0,10,1,0
/Users/jantoniorv/jantromv/DCICodeXperiments/./Code/Java/Abacus/v1/Rare/EnergiaKinetica.java,Code.Java.Abacus.v1.Rare.EnergiaKinetica,class,0,0,0,0,1,1,0,1,0,0.0,NaN,NaN,1,1,1,0,0,0,1,0,0,0,0,0,0,0,0,0,0,0,0,8,0,0,0,0,0,2,3,3,2,3,0,0,0,0,7,1,0
/Users/jantoniorv/jantromv/DCICodeXperiments/./Code/Java/Abacus/v1/Rare/ConversionKmMillas.java,Code.Java.Abacus.v1.Rare.ConversionKmMillas,class,0,0,0,0,1,1,0,1,0,0.0,NaN,NaN,1,1,1,0,0,0,1,0,0,0,0,0,0,0,0,0,0,0,0,7,0,0,0,0,0,2,2,2,2,2,0,0,0,0,8,1,0
/Users/jantoniorv/jantromv/DCICodeXperiments/./Code/Java/Abacus/v1/Rare/CoeficienteVariacion.java,Code.Java.Abacus.v1.Rare.CoeficienteVariacion,class,1,1,0,1,3,1,0,3,0,0.0,NaN,NaN,1,1,1,0,0,0,1,0,0,0,0,0,0,0,0,0,0,0,2,15,0,2,0,0,1,2,9,8,6,6,1,0,0,0,12,1,0
/Users/jantoniorv/jantromv/DCICodeXperiments/./Code/Java/Abacus/v1/Rare/ContarPares.java,Code.Java.Abacus.v1.Rare.ContarPares,class,1,1,0,1,3,1,0,1,0,0.0,NaN,NaN,1,1,1,0,0,0,1,0,0,0,0,0,0,0,0,0,0,0,0,10,0,1,1,0,0,1,13,2,2,2,2,0,0,0,7,1,0
/Users/jantoniorv/jantromv/DCICodeXperiments/./Code/Java/Abacus/v1/Rare/PromedioArray.java,Code.Java.Abacus.v1.Rare.PromedioArray,class,1,1,0,1,2,1,0,1,0,0.0,NaN,NaN,1,1,1,0,0,0,1,0,0,0,0,0,0,0,0,0,0,0,0,11,0,1,0,0,0,1,5,4,2,3,1,0,0,0,8,1,0
/Users/jantoniorv/jantromv/DCICodeXperiments/./Code/Java/Abacus/v1/Rare/InvertirNumero.java,Code.Java.Abacus.v1.Rare.InvertirNumero,class,0,0,0,0,2,1,0,1,0,0.0,NaN,NaN,1,1,1,0,0,0,1,0,0,0,0,0,0,0,0,0,0,0,0,11,0,1,1,0,0,1,6,4,4,2,1,0,0,0,6,1,0
/Users/jantoniorv/jantromv/DCICodeXperiments/./Code/Java/Abacus/v1/Rare/MultiplicacionNumeros.java,Code.Java.Abacus.v1.Rare.MultiplicacionNumeros,class,0,0,0,0,1,1,0,1,0,0.0,NaN,NaN,1,1,1,0,0,0,1,0,0,0,0,0,0,0,0,0,0,0,0,8,0,0,0,0,0,3,2,3,2,3,0,0,0,0,8,1,0
/Users/jantoniorv/jantromv/DCICodeXperiments/./Code/Java/Abacus/v1/Rare/NumerosPrimos.java,Code.Java.Abacus.v1.Rare.NumerosPrimos,class,0,0,0,0,5,1,0,3,0,0.0,NaN,NaN,1,1,1,0,0,0,1,0,0,0,0,0,0,0,0,0,0,0,1,16,0,2,1,0,0,3,4,5,3,4,3,0,0,0,13,1,0
/Users/jantoniorv/jantromv/DCICodeXperiments/./Code/Java/Abacus/v1/Rare/ContarImpares.java,Code.Java.Abacus.v1.Rare.ContarImpares,class,1,1,0,1,3,1,0,1,0,0.0,NaN,NaN,1,1,1,0,0,0,1,0,0,0,0,0,0,0,0,0,0,0,0,10,0,1,1,0,0,1,13,2,2,2,2,0,0,0,7,1,0
/Users/jantoniorv/jantromv/DCICodeXperiments/./Code/Java/Abacus/v1/Rare/DiasAAnios.java,Code.Java.Abacus.v1.Rare.DiasAAnios,class,0,0,0,0,1,1,0,1,0,0.0,NaN,NaN,1,1,1,0,0,0,1,0,0,0,0,0,0,0,0,0,0,0,0,8,0,0,0,0,0,3,3,3,3,3,0,0,0,0,9,1,0
/Users/jantoniorv/jantromv/DCICodeXperiments/./Code/Java/Abacus/v1/Rare/DesviacionEstandar.java,Code.Java.Abacus.v1.Rare.DesviacionEstandar,class,1,1,0,1,3,1,0,3,0,0.0,NaN,NaN,1,1,1,0,0,0,1,0,0,0,0,0,0,0,0,0,0,0,2,17,0,2,0,0,0,1,11,8,4,6,1,0,0,0,11,1,0
/Users/jantoniorv/jantromv/DCICodeXperiments/./Code/Java/Abacus/v1/Rare/Densidad.java,Code.Java.Abacus.v1.Rare.Densidad,class,0,0,0,0,1,1,0,1,0,0.0,NaN,NaN,1,1,1,0,0,0,1,0,0,0,0,0,0,0,0,0,0,0,0,8,0,0,0,0,0,2,2,3,2,3,0,0,0,0,7,1,0
/Users/jantoniorv/jantromv/DCICodeXperiments/./Code/Java/Abacus/v1/Rare/PuntoMedio.java,Code.Java.Abacus.v1.Rare.PuntoMedio,class,0,0,0,0,1,1,0,1,0,0.0,NaN,NaN,1,1,1,0,0,0,1,0,0,0,0,0,0,0,0,0,0,0,0,9,0,0,0,0,2,3,6,6,5,6,0,0,0,0,10,1,0
/Users/jantoniorv/jantromv/DCICodeXperiments/./Code/Java/Abacus/v1/Rare/MaximoArray.java,Code.Java.Abacus.v1.Rare.MaximoArray,class,1,1,0,1,3,1,0,1,0,0.0,NaN,NaN,1,1,1,0,0,0,1,0,0,0,0,0,0,0,0,0,0,0,0,10,0,1,0,0,0,1,6,3,1,2,2,0,0,0,7,1,0
/Users/jantoniorv/jantromv/DCICodeXperiments/./Code/Java/Abacus/v1/Rare/SegundosAHoras.java,Code.Java.Abacus.v1.Rare.SegundosAHoras,class,0,0,0,0,1,1,0,1,0,0.0,NaN,NaN,1,1,1,0,0,0,1,0,0,0,0,0,0,0,0,0,0,0,0,9,0,0,0,0,1,4,5,4,5,4,0,0,0,0,9,1,0
/Users/jantoniorv/jantromv/DCICodeXperiments/./Code/Java/Abacus/v1/Rare/BuscarElemento.java,Code.Java.Abacus.v1.Rare.BuscarElemento,class,1,1,0,1,4,1,0,1,0,0.0,NaN,NaN,1,1,1,0,0,0,1,0,0,0,0,0,0,0,0,0,0,0,0,14,0,1,1,0,1,2,6,4,1,3,2,0,0,0,11,1,0
/Users/jantoniorv/jantromv/DCICodeXperiments/./Code/Java/Abacus/v1/Rare/SumaMatrices.java,Code.Java.Abacus.v1.Rare.SumaMatrices,class,1,1,0,1,3,1,0,2,0,0.0,NaN,NaN,1,1,1,0,0,0,1,0,0,0,0,0,0,0,0,0,0,0,0,14,0,2,0,0,0,1,14,6,2,5,2,0,0,0,9,1,0
/Users/jantoniorv/jantromv/DCICodeXperiments/./Code/Java/Abacus/v1/Rare/DistanciaEuclidiana.java,Code.Java.Abacus.v1.Rare.DistanciaEuclidiana,class,0,0,0,0,1,1,0,3,0,0.0,NaN,NaN,1,1,1,0,0,0,1,0,0,0,0,0,0,0,0,0,0,0,3,8,0,0,0,0,0,1,6,5,4,5,0,0,0,0,9,1,0
/Users/jantoniorv/jantromv/DCICodeXperiments/./Code/Java/Abacus/v1/Rare/MinimoArray.java,Code.Java.Abacus.v1.Rare.MinimoArray,class,1,1,0,1,3,1,0,1,0,0.0,NaN,NaN,1,1,1,0,0,0,1,0,0,0,0,0,0,0,0,0,0,0,0,10,0,1,0,0,0,1,6,3,1,2,2,0,0,0,7,1,0
/Users/jantoniorv/jantromv/DCICodeXperiments/./Code/Java/Abacus/v1/Rare/RangoEstadistico.java,Code.Java.Abacus.v1.Rare.RangoEstadistico,class,1,1,0,1,4,1,0,1,0,0.0,NaN,NaN,1,1,1,0,0,0,1,0,0,0,0,0,0,0,0,0,0,0,0,12,0,1,0,0,0,1,9,6,2,4,2,0,0,0,9,1,0
/Users/jantoniorv/jantromv/DCICodeXperiments/./Code/Java/Abacus/v1/Rare/ConversionHexadecimal.java,Code.Java.Abacus.v1.Rare.ConversionHexadecimal,class,0,0,0,0,1,1,0,2,0,0.0,NaN,NaN,1,1,1,0,0,0,1,0,0,0,0,0,0,0,0,0,0,0,1,7,0,0,0,0,0,1,1,2,1,2,0,0,0,0,7,1,0
/Users/jantoniorv/jantromv/DCICodeXperiments/./Code/Java/Abacus/v1/Rare/RedondeoNumero.java,Code.Java.Abacus.v1.Rare.RedondeoNumero,class,0,0,0,0,1,1,0,2,0,0.0,NaN,NaN,1,1,1,0,0,0,1,0,0,0,0,0,0,0,0,0,0,0,2,9,0,0,0,0,0,2,3,3,4,3,0,0,0,0,8,1,0
/Users/jantoniorv/jantromv/DCICodeXperiments/./Code/Java/Abacus/v1/Rare/VolumenCilindro.java,Code.Java.Abacus.v1.Rare.VolumenCilindro,class,0,0,0,0,1,1,0,1,0,0.0,NaN,NaN,1,1,1,0,0,0,1,0,0,0,0,0,0,0,0,0,0,0,0,8,0,0,0,0,0,1,2,3,2,3,0,0,0,0,8,1,0
/Users/jantoniorv/jantromv/DCICodeXperiments/./Code/Java/Abacus/v1/Rare/AreaCuadrado.java,Code.Java.Abacus.v1.Rare.AreaCuadrado,class,0,0,0,0,1,1,0,1,0,0.0,NaN,NaN,1,1,1,0,0,0,1,0,0,0,0,0,0,0,0,0,0,0,0,7,0,0,0,0,0,1,1,2,2,2,0,0,0,0,7,1,0
/Users/jantoniorv/jantromv/DCICodeXperiments/./Code/Java/Abacus/v1/Rare/SumaDigitos.java,Code.Java.Abacus.v1.Rare.SumaDigitos,class,0,0,0,0,2,1,0,1,0,0.0,NaN,NaN,1,1,1,0,0,0,1,0,0,0,0,0,0,0,0,0,0,0,0,11,0,1,1,0,0,1,5,4,2,2,1,0,0,0,8,1,0
/Users/jantoniorv/jantromv/DCICodeXperiments/./Code/Java/Abacus/v1/Rare/CalculoDescuento.java,Code.Java.Abacus.v1.Rare.CalculoDescuento,class,0,0,0,0,1,1,0,1,0,0.0,NaN,NaN,1,1,1,0,0,0,1,0,0,0,0,0,0,0,0,0,0,0,0,8,0,0,0,0,1,1,3,3,4,3,0,0,0,0,9,1,0
/Users/jantoniorv/jantromv/DCICodeXperiments/./Code/Java/Abacus/v1/Rare/Hipotenusa.java,Code.Java.Abacus.v1.Rare.Hipotenusa,class,0,0,0,0,1,1,0,2,0,0.0,NaN,NaN,1,1,1,0,0,0,1,0,0,0,0,0,0,0,0,0,0,0,1,8,0,0,0,0,0,1,2,3,4,3,0,0,0,0,6,1,0
/Users/jantoniorv/jantromv/DCICodeXperiments/./Code/Java/Abacus/v1/Rare/NumeroMayor.java,Code.Java.Abacus.v1.Rare.NumeroMayor,class,0,0,0,0,3,1,0,1,0,0.0,NaN,NaN,1,1,1,0,0,0,1,0,0,0,0,0,0,0,0,0,0,0,0,9,0,0,0,0,0,1,3,6,1,4,1,0,0,0,8,1,0
/Users/jantoniorv/jantromv/DCICodeXperiments/./Code/Java/Abacus/v1/Rare/SumaNumeros.java,Code.Java.Abacus.v1.Rare.SumaNumeros,class,0,0,0,0,1,1,0,1,0,0.0,NaN,NaN,1,1,1,0,0,0,1,0,0,0,0,0,0,0,0,0,0,0,0,8,0,0,0,0,0,3,2,3,2,3,0,0,0,0,8,1,0
/Users/jantoniorv/jantromv/DCICodeXperiments/./Code/Java/Abacus/v1/Rare/Potencia.java,Code.Java.Abacus.v1.Rare.Potencia,class,0,0,0,0,1,1,0,1,0,0.0,NaN,NaN,1,1,1,0,0,0,1,0,0,0,0,0,0,0,0,0,0,0,0,8,0,0,0,0,0,2,2,3,2,3,0,0,0,0,6,1,0
/Users/jantoniorv/jantromv/DCICodeXperiments/./Code/Java/Abacus/v1/Rare/PendienteRecta.java,Code.Java.Abacus.v1.Rare.PendienteRecta,class,0,0,0,0,1,1,0,1,0,0.0,NaN,NaN,1,1,1,0,0,0,1,0,0,0,0,0,0,0,0,0,0,0,0,8,0,0,0,0,2,1,4,5,4,5,0,0,0,0,11,1,0
/Users/jantoniorv/jantromv/DCICodeXperiments/./Code/Java/Abacus/v1/Rare/Trabajo.java,Code.Java.Abacus.v1.Rare.Trabajo,class,0,0,0,0,1,1,0,1,0,0.0,NaN,NaN,1,1,1,0,0,0,1,0,0,0,0,0,0,0,0,0,0,0,0,8,0,0,0,0,0,2,2,3,2,3,0,0,0,0,6,1,0
/Users/jantoniorv/jantromv/DCICodeXperiments/./Code/Java/Abacus/v1/Rare/VolumenEsfera.java,Code.Java.Abacus.v1.Rare.VolumenEsfera,class,0,0,0,0,1,1,0,2,0,0.0,NaN,NaN,1,1,1,0,0,0,1,0,0,0,0,0,0,0,0,0,0,0,1,7,0,0,0,0,1,1,4,2,3,2,0,0,0,0,8,1,0
/Users/jantoniorv/jantromv/DCICodeXperiments/./Code/Java/Abacus/v1/Rare/FuncionTangente.java,Code.Java.Abacus.v1.Rare.FuncionTangente,class,0,0,0,0,1,1,0,3,0,0.0,NaN,NaN,1,1,1,0,0,0,1,0,0,0,0,0,0,0,0,0,0,0,2,8,0,0,0,0,0,2,1,3,1,3,0,0,0,0,8,1,0
/Users/jantoniorv/jantromv/DCICodeXperiments/./Code/Java/Abacus/v1/Rare/CalculoSalario.java,Code.Java.Abacus.v1.Rare.CalculoSalario,class,0,0,0,0,1,1,0,1,0,0.0,NaN,NaN,1,1,1,0,0,0,1,0,0,0,0,0,0,0,0,0,0,0,0,8,0,0,0,0,0,1,2,3,2,3,0,0,0,0,10,1,0
/Users/jantoniorv/jantromv/DCICodeXperiments/./Code/Java/Abacus/v1/Rare/ConversionOctal.java,Code.Java.Abacus.v1.Rare.ConversionOctal,class,0,0,0,0,1,1,0,2,0,0.0,NaN,NaN,1,1,1,0,0,0,1,0,0,0,0,0,0,0,0,0,0,0,1,7,0,0,0,0,0,1,1,2,1,2,0,0,0,0,7,1,0
/Users/jantoniorv/jantromv/DCICodeXperiments/./Code/Java/Abacus/v1/Rare/FuncionCoseno.java,Code.Java.Abacus.v1.Rare.FuncionCoseno,class,0,0,0,0,1,1,0,3,0,0.0,NaN,NaN,1,1,1,0,0,0,1,0,0,0,0,0,0,0,0,0,0,0,2,8,0,0,0,0,0,2,1,3,1,3,0,0,0,0,8,1,0
